softmax,label
1.2006491449927797e-13,0
1.660838824866888e-14,0
8.738744896165471e-15,0
7.114475363543572e-15,0
8.107400418600006e-15,0
1.4613529096129015e-14,0
1.3043833049265763e-14,0
1.0,0
1.0,0
1.0,0
2.9607122087327298e-08,0
1.978498858079547e-06,0
1.457223334000446e-06,0
0.3176000118255615,0
1.0,0
1.0,0
1.0,0
1.0,0
1.0,1
1.0,1
1.0,1
1.0,1
1.0,1
1.0,1
1.0,1
1.0,1
1.0,1
1.0,1
1.0,1
1.0,1
1.0,1
1.0,1
1.0,1
1.0,1
1.0,1
1.0,1
1.0,1
1.0,1
1.0,1
1.0,1
1.0,1
1.0,1
1.0,1
1.0,1
1.0,1
1.0,1
1.0,1
1.0,1
1.0,1
1.0,1
1.0,1
1.0,1
1.0,1
1.0,1
1.0,1
1.0,1
1.0,1
1.0,1
1.0,1
1.0,1
1.0,1
1.0,1
1.0,1
1.0,1
1.0,1
1.0,1
1.0,1
1.0,1
1.0,1
1.0,1
1.0,1
1.0,1
1.0,1
1.0,1
1.0,1
1.0,1
1.0,1
1.0,1
1.0,1
1.0,1
1.0,1
1.0,1
1.0,1
1.0,1
1.0,1
1.0,1
0.9999998807907104,1
0.9999936819076538,1
0.08434796333312988,1
0.13721811771392822,1
0.9993232488632202,1
0.9992682337760925,1
2.7040045097237453e-05,1
0.9669113755226135,1
0.9999843835830688,1
0.9997677206993103,1
0.9997537732124329,1
1.0,1
0.004552996251732111,1
0.007861651480197906,1
1.0,1
1.0,1
1.0,1
1.0,1
1.0,1
1.0,1
1.0,1
1.0,1
1.0,1
1.0,1
1.0,1
1.0,1
0.9999986886978149,1
0.9999997615814209,1
0.9999995231628418,1
0.9999998807907104,1
4.4214361878403e-06,1
0.8530287742614746,1
0.5046073794364929,1
0.02459818869829178,1
3.181902502547018e-05,1
1.7471921864853357e-06,1
3.824802661256399e-07,1
1.3336685356080125e-07,1
4.991775526264064e-08,1
5.146509352016437e-07,1
3.146232927520032e-07,1
1.0848233955584874e-07,1
4.685593069098104e-08,1
2.1029691321672317e-09,1
1.4473702236728059e-09,0
9.421865510006455e-10,0
2.3148594152644364e-09,0
1.7368011473450906e-09,0
1.2700845930524451e-09,0
3.836810313906369e-10,0
2.0905305264662388e-10,0
1.9240732618275302e-10,0
1.9615058590716217e-06,1
0.987591028213501,1
1.0,1
1.0,1
1.0,1
1.0,1
1.0,1
1.0,1
1.0,1
1.0,1
1.0,1
1.0,1
1.0,1
1.0,1
1.0,1
1.0,1
1.0,1
1.0,1
1.0,1
1.0,1
1.0,1
1.0,1
1.0,1
1.0,1
1.0,1
1.0,1
1.0,1
1.0,1
1.0,1
1.0,1
1.0,1
1.0,1
1.0,1
1.0,1
1.0,1
1.0,1
1.0,1
0.9999740123748779,0
0.9999923706054688,0
0.5910961031913757,0
0.000698627030942589,0
0.700673520565033,0
0.9988651275634766,0
0.9999990463256836,0
1.0,0
1.0,0
2.867265314066003e-10,0
7.10991820973561e-11,0
2.2747681072132764e-08,0
4.2607711803199777e-10,0
7.956499459282895e-09,0
1.0230981339898193e-10,0
1.6656412360482875e-11,0
5.12762881044182e-08,1
8.247374353231862e-06,1
0.3574477434158325,1
0.9931797981262207,1
3.298742112800568e-10,1
4.872582198833797e-11,1
5.930565483147632e-10,1
4.224307015299189e-11,1
2.1385880566437976e-10,1
4.665176023266326e-10,1
2.8185193068352987e-10,1
2.7642375055592083e-09,1
1.0921136217589833e-09,1
4.340717563167118e-09,1
1.7954750575199796e-08,1
2.630775597367574e-09,1
8.79417441645991e-11,1
2.7131383945055987e-11,1
2.4600409057919104e-13,1
1.8895511891270367e-11,0
2.1128616217724883e-11,0
2.3382590370601974e-06,0
2.240585899926373e-06,0
8.247619689427665e-07,0
5.879190467794615e-08,0
5.148879154148744e-06,0
2.2254288012391044e-07,0
1.5532540531548733e-10,0
2.5428498195978477e-10,0
1.760673967510229e-06,0
1.0,0
1.0,0
1.0,0
1.0,0
1.0,0
1.0,0
0.9999998807907104,0
0.15540611743927002,0
3.910525982891988e-12,0
1.5201014275448288e-12,0
8.079217091346014e-14,0
1.8105010763172502e-14,0
2.2023825634303468e-14,0
3.9740813992470564e-14,0
3.3387547826273234e-13,0
2.1362865903346018e-12,0
5.076472922582731e-11,0
2.498742046608271e-10,0
1.436053914671831e-10,0
1.0805962027959914e-11,0
4.3271189040759717e-13,0
2.353340775290008e-13,0
3.373963977128247e-13,0
4.030813443439696e-12,0
5.1225742397909e-12,0
6.26234550327176e-11,0
6.81022571669132e-10,0
3.367169210122256e-09,0
1.1135776745163639e-08,0
1.2300183094282602e-08,0
2.0213413165492966e-09,0
9.481474990025163e-05,0
1.0,1
1.0,1
1.0,1
1.0,1
1.0,1
1.0,1
1.0,1
1.0,1
1.0,1
1.0,1
1.0,1
1.0,1
1.0,1
1.0,1
1.0,1
1.0,1
1.0,1
1.0,1
1.0,1
1.0,1
1.0,1
1.0,1
1.0,1
1.0,1
1.0,1
1.0,1
1.0,1
1.0,1
1.0,1
1.0,1
1.0,1
1.0,1
1.0,1
1.0,1
1.0,1
1.0,1
1.0,1
1.0,1
1.0,1
1.0,1
1.0,1
1.0,1
1.0,1
1.0,1
1.0,1
1.0,1
1.0,1
1.0,1
1.0,1
1.0,1
1.0,1
1.0,1
1.0,1
1.0,1
1.0,1
1.0,1
1.0,1
1.0,1
1.0,1
1.0,1
1.0,1
1.0,1
0.9999979734420776,1
0.9999992847442627,1
0.969057023525238,1
0.0008800337673164904,1
9.470894292462617e-05,1
0.6420592665672302,1
0.9994760155677795,0
1.5742220682568586e-07,0
3.2352811984992513e-08,0
2.7113869691675063e-06,0
5.919202408222191e-07,0
2.7501444492372684e-05,0
0.0002615459088701755,0
0.004394995979964733,0
0.037851445376873016,0
0.7975525259971619,0
0.9999850988388062,0
1.0,0
1.0,0
0.9999997615814209,0
0.999998927116394,0
0.9999996423721313,0
0.9999867677688599,0
0.9999998807907104,0
0.9999998807907104,0
0.9999998807907104,0
1.0,1
1.0,1
1.0,1
1.0,1
1.0,1
1.0,1
1.0,1
1.0,1
0.9999997615814209,1
1.0,1
0.9965758919715881,0
8.890977483133611e-07,0
8.329092082703937e-08,0
1.2575480212717594e-08,0
1.518226042662718e-07,0
2.7712745431784924e-09,0
3.482682892075317e-11,0
1.0885168634511277e-11,0
8.565666405335737e-12,0
1.3873804882713614e-11,0
2.1132323321793045e-11,0
1.6969160451796306e-11,0
2.867903657610693e-11,0
1.5769732741865994e-11,0
2.8534542350494574e-12,0
6.774856231572812e-10,0
7.527201972834519e-09,0
0.9999765157699585,0
1.0,1
1.0,1
1.0,1
1.0,1
1.0,1
1.0,1
1.0,1
1.0,1
1.0,1
1.0,1
1.0,1
1.0,1
1.0,1
1.0,1
1.0,1
1.0,1
1.0,1
1.0,1
1.0,1
1.0,1
1.0,1
1.0,1
1.0,1
1.0,1
1.0,1
1.0,1
1.0,1
1.0,1
1.0,1
1.0,1
1.0,1
1.0,1
1.0,1
1.0,1
1.0,1
1.0,1
1.0,1
1.0,1
0.9999994039535522,1
0.9999996423721313,0
0.00017723371274769306,0
1.457057738352141e-11,0
3.167520412628022e-10,0
1.3143787002799917e-13,0
1.013492783620562e-12,0
1.13707329142676e-12,0
8.425576317368233e-14,0
1.180969493204398e-12,0
1.2547573223498087e-11,0
7.55867313184666e-11,0
6.04776298485099e-11,0
9.341938680962336e-12,0
1.5039907524678348e-13,0
5.84692559126021e-13,0
1.438877737390456e-14,0
0.9905655384063721,1
1.0,1
1.0,1
1.0,1
1.0,1
1.0,1
0.9999998807907104,1
1.0,1
1.0,1
1.0,1
1.0,1
1.0,1
1.0,1
1.0,1
1.0,1
1.0,1
1.0,1
1.0,1
1.0,1
1.0,1
1.0,1
1.0,1
0.9999992847442627,1
1.0,1
1.0,1
0.999995231628418,1
1.8326049011641032e-10,1
1.6457014787377156e-12,1
2.997659759307325e-11,1
1.519821768436458e-10,1
9.621920621372126e-11,1
0.12865786254405975,1
1.0,1
1.0,1
1.0,1
1.0,1
0.0865657851099968,1
8.275023999360087e-10,1
1.857795514648153e-11,0
6.303466863061269e-13,0
5.192156925758196e-13,0
8.154352301899259e-13,0
2.363418271852935e-12,0
1.5099328037893045e-12,0
7.673100436283997e-13,0
5.581473868157549e-13,0
1.105562446061456e-13,0
7.525374095575244e-14,0
1.1793594800833113e-13,0
3.72991812132642e-13,0
2.617268164348263e-12,0
5.896313710722356e-13,0
3.319704808355667e-13,0
5.5143942119832354e-14,0
1.0554826056132643e-13,0
1.0709881196951584e-13,0
3.686948478725388e-13,0
2.0806073877666087e-12,0
5.0100815857101466e-11,0
1.104277114194474e-09,0
4.0380911947579534e-09,0
1.8210826180364847e-09,0
3.519091018588938e-09,0
6.093749504998414e-09,0
1.6897243326763345e-10,1
0.00017860835941974074,1
1.0,1
1.0,1
1.0,1
1.0,1
1.0,1
1.0,1
1.0,1
1.0,1
1.0,1
1.0,1
1.0,1
1.0,1
1.0,1
1.0,1
1.0,1
1.0,1
1.0,1
1.0,1
1.0,1
1.0,1
1.0,1
1.0,1
1.0,1
1.0,1
1.0,1
1.0,1
1.0,1
1.0,1
1.0,1
1.0,1
1.0,1
1.0,1
1.0,1
1.0,1
1.0,1
1.0,1
1.0,1
1.0,1
1.0,1
1.0,1
1.0,1
1.0,1
1.0,1
1.0,1
1.0,1
1.0,1
1.0,1
1.0,1
1.0,1
1.0,1
1.0,1
1.0,1
1.0,1
1.0,1
1.0,1
1.0,1
1.0,1
1.0,1
1.0,1
1.0,1
1.0,1
1.0,1
1.0,1
1.0,1
1.0,1
0.08523836731910706,1
3.0290375242769674e-13,1
9.325965564035976e-13,1
5.775209477310028e-11,1
2.5259681499245623e-11,0
1.497995896215798e-07,0
2.6373232486776033e-08,0
0.00020434240286704153,0
0.0015707891434431076,0
0.00017490118625573814,0
0.0013805736089125276,0
0.000612550531513989,0
0.0010365659836679697,0
0.00031920603942126036,0
0.08647938072681427,0
0.9999891519546509,0
1.0,0
1.0,0
1.0,0
1.0,0
0.9999998807907104,0
0.9999953508377075,0
0.9999979734420776,0
0.9999961853027344,0
0.9999908208847046,0
1.0,0
1.0,0
1.0,0
1.0,0
1.0,0
1.0,0
1.0,0
0.9999972581863403,0
1.0,0
0.9999998807907104,0
0.9999990463256836,0
1.0,0
1.0,0
1.0,0
0.999962568283081,0
0.024314114823937416,0
3.678493598613386e-08,0
3.901338807565935e-09,0
1.3047772995378182e-07,0
3.538751958132025e-09,0
6.722470580200479e-09,0
9.767560094076089e-10,0
3.2115294867907096e-09,0
6.608384506279208e-09,0
5.4760569412337645e-09,0
4.792963248512194e-10,0
8.833516695894161e-10,0
1.5397826069740717e-10,0
3.180564839277977e-11,0
8.815851694488064e-12,0
8.344695073825292e-11,0
6.619248552053314e-12,0
1.0232746724611608e-12,0
9.418043873665738e-07,0
1.0,0
1.0,0
1.0,0
1.0,0
1.0,0
1.0,0
1.0,0
1.0,1
1.0,1
1.0,1
1.0,1
1.0,1
1.0,1
1.0,1
1.0,1
1.0,1
1.0,1
1.0,1
1.0,1
1.0,1
0.9999966621398926,1
1.0,1
1.0,1
1.0,1
1.0,1
1.0,1
1.0,1
1.0,1
1.0,1
1.0,1
1.0,1
0.9999998807907104,1
1.0,1
1.0,1
1.0,1
1.0,1
0.9999998807907104,1
1.0,1
1.0,1
1.0,1
1.0,1
1.0,1
1.0,1
1.0,1
1.0,1
1.0,1
1.0,1
1.0,1
1.0,1
0.9999991655349731,1
1.829229745453631e-08,1
6.1910698789802154e-09,0
7.747044325490116e-12,0
1.0232785755889817e-12,0
1.3939520924263066e-13,0
3.299758036257039e-12,0
4.1178372560748966e-13,0
9.687901217738434e-15,0
5.687377652163761e-14,0
1.914924653307476e-13,0
1.2182233520563468e-11,0
1.0502208130924728e-10,0
2.11922757120675e-10,0
2.2088532392050553e-10,0
1.8294266102003576e-10,0
3.7622122084357557e-10,0
1.1222548584877146e-10,0
1.5381527648794524e-11,0
6.880412906085098e-11,0
0.9999992847442627,0
1.0,0
1.0,0
1.0,0
1.0,1
1.0,1
1.0,1
1.0,1
1.0,1
1.0,1
1.0,1
1.0,1
1.0,1
1.0,1
1.0,1
1.0,1
1.0,1
1.0,1
1.0,1
1.0,1
1.0,1
1.0,1
1.0,1
1.0,1
1.0,1
1.0,1
1.0,1
1.0,1
1.0,1
0.9998639822006226,1
0.9905563592910767,1
0.9949839115142822,1
0.9991490840911865,1
1.0,1
0.9999998807907104,1
0.8260787725448608,1
5.2118849680482526e-08,1
8.598860290476296e-09,1
2.819813653409664e-11,0
1.675690727669099e-12,0
3.8884935310741497e-13,0
2.46923602441676e-13,0
8.777123450785795e-13,1
1.6913172251609154e-10,1
4.254451305141238e-11,1
4.293238542452116e-10,1
0.03203874081373215,1
0.9536610841751099,1
0.9946093559265137,1
0.9999715089797974,1
0.999992847442627,1
0.020801236853003502,1
1.7430669130291676e-09,0
2.987991243319499e-10,0
5.828247606753933e-11,0
1.2296083422291826e-11,0
5.510036437533783e-12,0
2.1848165637772254e-12,0
5.140551612853317e-13,0
1.885096354188598e-13,0
3.6370625749408e-14,0
2.4737365137534294e-14,0
1.63930650195869e-13,0
3.108011894722984e-12,0
3.2960971192014243e-12,0
1.786783828533478e-12,0
4.935442245862509e-13,0
1.6541565480646808e-13,0
2.2532705410728548e-13,0
5.718436249697867e-13,0
4.04010375501529e-12,0
2.8757546344237994e-10,0
6.177080624780729e-09,0
1.2343968514016979e-08,0
2.7102359467789938e-08,0
1.3180121882783169e-08,0
1.883457612095185e-09,0
1.0,1
1.0,1
1.0,1
1.0,1
1.0,1
1.0,1
1.0,1
1.0,1
1.0,1
1.0,1
1.0,1
1.0,1
1.0,1
1.0,1
1.0,1
1.0,1
1.0,1
1.0,1
1.0,1
1.0,1
1.0,1
1.0,1
1.0,1
1.0,1
1.0,1
1.0,1
1.0,1
1.0,1
1.0,1
1.0,1
1.0,1
1.0,1
1.0,1
1.0,1
1.0,1
1.0,1
1.0,1
1.0,1
1.0,1
1.0,1
1.0,1
0.9999998807907104,1
1.0,1
1.0,1
1.0,1
1.0,1
1.0,1
1.0,1
1.0,1
1.0,1
1.0,1
1.0,1
1.0,1
1.0,1
1.0,1
1.0,0
0.9999994039535522,0
2.598811761345132e-07,0
1.9212474493268683e-12,0
5.109678142840163e-14,0
1.1812517110298959e-11,0
1.575821764743246e-11,0
3.2131941551938326e-10,0
1.1449307474320491e-10,0
1.598458432283678e-08,0
7.379254846062722e-11,0
6.231556937130733e-11,0
8.881826697726414e-12,0
3.2107222696503568e-12,0
2.466491637667656e-13,0
3.0066623697049336e-14,0
1.1580413277617607e-12,0
7.111505134771434e-11,0
1.8682333120523253e-06,0
1.0,0
1.0,0
1.0,0
1.0,1
1.0,1
1.0,1
0.9999998807907104,1
1.0,1
1.0,1
1.0,1
1.0,1
1.0,1
1.0,1
0.0003567892999853939,0
3.769474278669804e-05,0
3.694797214848222e-07,0
1.4230052691743822e-09,0
3.5813004038015572e-12,0
1.5573471331964406e-11,0
8.345964544465012e-12,0
8.90375793927145e-12,0
4.4461747651658445e-12,0
4.650157429259005e-12,0
6.583722456099395e-10,0
9.326717349822378e-12,0
7.352999320531239e-10,0
5.692732063522499e-09,1
3.6792355828652035e-09,1
2.8760522852167014e-09,1
1.8947437396832356e-08,1
4.881200776907235e-09,1
6.61502741472475e-10,1
1.1852912393806037e-05,1
0.9998841285705566,1
1.0,1
1.0,1
1.0,1
1.0,1
1.0,1
1.0,1
1.0,1
1.0,1
1.0,1
1.0,1
1.0,1
1.0,1
1.0,1
1.0,1
1.0,1
1.0,1
1.0,1
1.0,1
0.9998496770858765,1
1.0,1
1.0,1
1.0,1
1.0,1
1.0,1
1.0,1
1.0,1
1.0,0
2.955947593363817e-07,0
3.3551855738167546e-10,0
3.335623555145162e-09,0
1.4197051867448351e-10,0
5.818381800665184e-12,0
5.050625716263024e-12,0
1.8424434341472035e-13,0
3.501041145360928e-13,0
3.0979504985623185e-12,0
1.5331031583132315e-11,0
6.610766621617525e-13,0
3.308638085730564e-12,0
9.04900265830122e-10,0
8.489608127604242e-09,0
1.0,1
1.0,1
1.0,1
1.0,1
1.0,1
1.0,1
1.0,1
1.0,1
1.0,1
1.0,1
1.0,1
1.0,1
1.0,1
1.0,1
1.0,1
1.0,1
1.0,1
1.0,1
0.9999516010284424,0
0.00018111459212377667,0
2.2408726350203745e-12,0
1.0245513340717896e-13,0
1.3892858218012005e-13,0
8.660479560058942e-14,0
7.364240646326806e-14,0
8.137610695696778e-15,0
2.663825021974103e-15,0
2.6703262116025165e-15,0
3.7583275386146933e-16,0
1.932498045864161e-15,0
7.040476871205542e-14,0
1.2419592264334423e-11,0
4.103109865760679e-11,0
9.528612436842526e-15,0
7.965459719496814e-16,0
3.227053121624627e-16,0
2.271841890907336e-15,0
3.1800306169533967e-15,0
3.807132899409128e-14,0
4.323439935054185e-13,0
1.6037811269992153e-12,0
2.351774916302396e-13,0
1.833535493572791e-13,0
2.409093432555187e-13,0
3.1039580628000607e-13,0
4.053168662244283e-13,0
6.236095841105627e-12,0
3.866249768252894e-12,0
3.3634331214268953e-13,0
3.944052387200997e-13,0
3.636939653519494e-13,0
2.762492654333898e-13,0
9.973228162372602e-14,0
6.74006614409528e-11,0
2.73230393865731e-09,0
1.8244211474893746e-08,0
1.3644672058887863e-08,0
6.338841895825453e-09,0
2.2529153653749745e-08,0
5.44020295478731e-09,1
5.127955837735954e-10,1
0.9998599290847778,1
1.0,1
1.0,1
1.0,1
1.0,1
1.0,1
1.0,1
1.0,1
1.0,1
1.0,1
1.0,1
1.0,1
1.0,1
1.0,1
1.0,1
1.0,1
1.0,1
1.0,1
1.0,1
1.0,1
1.0,1
1.0,1
1.0,1
1.0,1
1.0,1
1.0,1
1.0,1
1.0,1
1.0,1
1.0,1
1.0,1
1.0,1
1.0,1
1.0,1
1.0,1
1.0,1
1.0,1
1.0,1
1.0,1
1.0,1
1.0,1
1.0,1
1.0,1
1.0,1
1.0,1
1.0,1
1.0,1
1.0,1
1.0,1
1.0,1
1.0,1
1.0,1
1.0,1
1.0,1
1.0,1
1.0,1
1.0,1
0.7579655647277832,0
2.0825123847600935e-09,0
1.4893712348487687e-14,0
1.4296975604267959e-13,0
1.774563785847394e-12,0
5.237981814780468e-13,0
8.023292316985953e-13,0
2.5739541609226535e-09,0
1.1250237547111297e-10,0
1.0301644953747413e-11,0
7.887160434309759e-13,0
7.997944754395414e-13,0
3.8365995493408467e-13,0
2.181746401380344e-13,0
4.033624427307245e-14,0
5.0674687970125865e-14,0
2.196476033282553e-14,0
1.0284657240428041e-12,0
3.867041062366461e-11,0
2.2144025280113055e-08,0
1.0,1
1.0,1
1.0,1
1.0,1
1.0,1
1.0,1
1.0,1
1.0,1
1.0,1
1.0,1
0.9998395442962646,1
1.1145206979534805e-09,0
6.588143919294964e-10,0
7.237238364155019e-09,0
3.788672842119922e-08,0
2.0103687603523213e-08,0
5.6070086351667214e-09,0
5.239900957576538e-09,0
3.16532333677344e-09,0
3.4387170888550145e-10,0
1.5771246808515826e-10,0
6.578924210964843e-11,0
1.7454980516529162e-10,0
6.191287760248798e-11,0
2.0994641788951718e-11,0
2.6415494791542926e-10,0
6.959323428645803e-08,1
1.0,1
1.0,1
1.0,1
1.0,1
1.0,1
1.0,1
1.0,1
1.0,1
1.0,1
1.0,1
1.0,1
1.0,1
1.0,1
1.0,1
1.0,1
1.0,1
1.0,1
1.0,1
1.0,1
1.0,1
1.0,1
1.0,1
1.0,1
1.0,1
1.0,1
1.0,1
1.0,1
1.0,1
1.0,1
1.0,1
1.0,1
1.0,1
1.0,1
0.999998927116394,0
4.2312052299375846e-13,0
2.021941675775605e-14,0
1.4576817671755476e-13,0
1.4462221567881905e-13,0
1.6646613829138929e-13,0
1.3109229074991478e-14,0
6.45335820727771e-16,0
1.0985030532504724e-15,0
5.2960804144963625e-12,0
3.089613981321904e-11,0
2.6623801362320176e-13,0
4.0712463909232575e-16,0
6.052595057093324e-12,0
1.3553732358673187e-08,0
4.682829679580891e-09,0
0.9999381303787231,0
1.0,1
1.0,1
1.0,1
1.0,1
1.0,1
1.0,1
1.0,1
1.0,1
1.0,1
1.0,1
1.0,1
1.0,1
1.0,1
1.0,1
1.0,1
1.0,1
1.0,1
1.0,1
0.8869531750679016,0
1.3159107766114175e-05,0
6.598864173935014e-16,0
1.6003632135317726e-14,0
8.362651256156248e-15,0
3.1841459265276317e-15,0
1.395118998895762e-14,0
9.520618986919287e-15,0
2.392405172487724e-15,0
3.5198369419857725e-16,0
2.9384779962201516e-16,0
1.5428339216003867e-14,0
1.126572454573059e-13,0
6.189244949883488e-11,0
2.205058184656661e-12,0
3.157655606376964e-15,0
4.771861328794298e-15,0
5.989823556178412e-15,0
4.135961084522025e-15,0
9.135655217886417e-15,0
5.76167870467055e-14,0
7.895091915302577e-13,0
1.1936443587018397e-12,0
2.3091793234508717e-13,0
3.2046880340391715e-13,0
2.827242563327448e-13,0
4.3237036672326423e-13,0
2.0321233844960984e-12,0
2.627912861277726e-12,0
7.678927480860021e-13,0
2.7300012836288523e-13,0
2.50826919998004e-13,0
6.032572445052731e-13,0
3.583812933916075e-13,0
3.0301702444966716e-13,0
4.397913457021563e-12,0
3.259919001408207e-10,0
1.4443125806451462e-08,0
2.9016977265428068e-08,0
2.3843458762939918e-08,0
2.1880340594915282e-10,0
0.9761078953742981,1
1.0,1
1.0,1
1.0,1
1.0,1
1.0,1
1.0,1
1.0,1
1.0,1
1.0,1
1.0,1
1.0,1
1.0,1
1.0,1
1.0,1
1.0,1
1.0,1
1.0,1
1.0,1
1.0,1
1.0,1
1.0,1
1.0,1
1.0,1
1.0,1
1.0,1
1.0,1
1.0,1
1.0,1
1.0,1
1.0,1
1.0,1
1.0,1
1.0,1
1.0,1
1.0,1
1.0,1
1.0,1
1.0,1
1.0,1
1.0,1
1.0,1
1.0,1
1.0,1
1.0,1
1.0,1
1.0,1
1.0,1
1.0,1
1.0,1
1.0,1
1.0,1
1.0,1
1.0,1
1.0,1
1.0,1
1.0,1
1.0,1
1.0,1
1.0,1
1.0,1
0.9999995231628418,1
1.0,1
1.0,0
0.9999964237213135,0
0.9811486601829529,0
0.9994953870773315,0
1.0,0
0.991782546043396,0
0.009197142906486988,0
0.9999995231628418,0
0.9999938011169434,0
1.0,0
1.0,0
0.03180835023522377,0
0.8739830255508423,0
0.9999998807907104,0
1.0,0
1.0,0
1.0,0
0.9999998807907104,0
1.0,1
1.0,1
1.0,1
1.0,1
1.0,1
1.0,1
1.0,1
1.0,1
1.0,1
1.0,1
1.0,1
0.9999963045120239,1
0.9995585083961487,1
0.008312719874083996,0
0.0020805043168365955,0
1.4354222003021277e-05,0
7.896117537598002e-09,0
4.3975659225203856e-10,0
7.395066781157311e-10,0
2.2543629185634018e-09,0
2.5743507325870496e-10,0
1.129121240950326e-10,0
9.723445659748364e-11,0
1.903587565355025e-10,0
7.829850656726478e-11,0
2.9381228006108984e-10,0
2.519041086834761e-10,0
4.69225103216786e-10,0
7.373900643870002e-06,0
0.9954323768615723,1
1.0,1
1.0,1
1.0,1
1.0,1
1.0,1
1.0,1
1.0,1
1.0,1
1.0,1
1.0,1
1.0,1
1.0,1
1.0,1
1.0,1
1.0,1
1.0,1
1.0,1
1.0,1
1.0,1
1.0,1
1.0,1
1.0,1
1.0,1
1.0,1
1.0,1
1.0,1
1.0,1
1.0,1
1.0,1
1.0,1
1.0,1
1.0,1
1.0,1
1.0,1
1.0,0
3.2405736760665604e-08,0
1.7223207235406157e-11,0
1.9668469977696112e-11,0
1.538917864668532e-12,0
5.007067351882333e-13,0
1.5452901477408347e-14,0
4.7872133774468084e-15,0
1.2579047775195668e-13,0
1.401078385254717e-11,0
6.1767175575655475e-12,0
6.426026702942289e-13,0
1.081402199199237e-15,0
4.826923583056697e-11,0
5.801856328702115e-09,0
2.9502427167926726e-09,0
1.0,0
1.0,1
1.0,1
1.0,1
1.0,1
1.0,1
1.0,1
1.0,1
1.0,1
1.0,1
1.0,1
1.0,1
1.0,1
1.0,1
1.0,1
1.0,1
1.0,1
1.0,1
1.0,1
0.14708799123764038,1
6.175139392883278e-12,0
1.2876790740528926e-16,0
2.1560474895232842e-14,0
1.4533833460187752e-14,0
4.080657456362845e-14,0
1.2856557452759626e-14,0
5.5753610177244634e-15,0
1.007331920818927e-15,0
8.732175943901277e-16,0
1.0318339370050337e-15,0
2.982019741814418e-13,0
1.5977161260671835e-10,0
1.5248363682829336e-10,0
2.699560139231977e-13,0
6.423985963403128e-15,0
4.319660084408381e-15,0
7.563157186033648e-15,0
1.7007273004189874e-14,0
9.540069404487088e-15,0
2.90586050230926e-13,0
2.3510405861709716e-12,0
2.6746935829352614e-12,0
2.843900516556058e-13,0
1.8129520508534253e-13,0
2.513599679961065e-13,0
3.6047564672819776e-13,0
5.442495954778581e-13,0
2.8718763478430276e-12,0
4.618442347309459e-12,0
3.1313549843370314e-12,0
1.1454910370939375e-12,0
2.910947578902562e-13,0
6.299221398404359e-14,0
5.0277263499405936e-14,0
1.3129856360136194e-13,0
1.6158326846676951e-12,0
4.053808955184479e-10,0
3.090406819339364e-09,0
1.1824436541019168e-08,0
1.0270152728253379e-08,0
9.144870638522207e-09,0
7.828383774555192e-12,0
7.775318522362795e-08,1
1.0,1
1.0,1
1.0,1
1.0,1
1.0,1
1.0,1
1.0,1
1.0,1
1.0,1
1.0,1
1.0,1
1.0,1
1.0,1
1.0,1
1.0,1
1.0,1
1.0,1
1.0,1
1.0,1
1.0,1
1.0,1
1.0,1
1.0,1
1.0,1
1.0,1
1.0,1
1.0,1
1.0,1
1.0,1
1.0,1
1.0,1
1.0,1
1.0,1
1.0,1
1.0,1
1.0,1
1.0,1
1.0,1
1.0,1
1.0,1
1.0,1
1.0,1
1.0,1
1.0,1
1.0,1
1.0,1
1.0,1
1.0,1
1.0,1
1.0,1
1.0,1
1.0,1
1.0,1
1.0,1
1.0,1
1.0,1
1.0,1
1.0,1
1.0,1
1.0,1
1.0,1
0.9999992847442627,1
1.0,1
1.0,0
4.0095184949962e-09,0
5.5106163603351865e-15,0
5.556032657604362e-14,0
2.7450836742604068e-11,0
5.4838143574709175e-12,0
9.030479836136251e-11,0
9.795348887564614e-08,0
2.8220478731633136e-10,0
2.4959445968364413e-11,0
5.7770134162526965e-12,0
1.2379671072981768e-11,0
1.495222869130064e-11,0
1.0818583008609384e-11,0
5.54962022517036e-12,0
2.027601394075096e-12,0
1.4334520170248416e-13,0
7.255117730545213e-14,0
8.602976187335742e-13,0
9.218527633955698e-13,0
6.39427136998709e-14,0
1.522903236351493e-14,0
4.221092554402292e-15,0
2.2539916032801935e-14,0
2.8372434610068886e-12,0
3.808002871363847e-11,0
4.654703011919281e-11,0
1.009284600339555e-10,1
9.66334391705459e-06,1
1.0,1
1.0,1
1.0,1
1.0,1
1.0,1
1.0,1
9.4684637588216e-06,1
5.214549787524447e-07,0
3.455569412835757e-07,0
9.625042594052502e-07,0
6.200673965395254e-07,0
9.394015565433733e-10,0
2.0373910891713365e-11,0
1.3205819250627915e-11,0
3.403908058197125e-11,0
5.301924871359276e-11,0
6.770409233247676e-11,0
4.5370013301848644e-11,0
1.4468637225817371e-11,0
1.1925640162890883e-11,0
7.700652615572068e-12,0
1.7444827526968965e-10,0
5.0826014508231765e-09,0
5.631361332802953e-08,1
0.6647559404373169,1
1.0,1
1.0,1
1.0,1
1.0,1
1.0,1
1.0,1
1.0,1
1.0,1
1.0,1
1.0,1
1.0,1
1.0,1
1.0,1
1.0,1
1.0,1
1.0,1
1.0,1
1.0,1
1.0,1
1.0,1
1.0,1
1.0,1
1.0,1
1.0,1
1.0,1
1.0,1
1.0,1
1.0,1
1.0,1
1.0,1
1.0,1
1.0,1
1.0,1
1.0,1
1.0,0
1.0,0
0.00010792373359436169,0
2.0006174494824336e-09,0
4.3802225843832254e-13,0
4.182679896880259e-11,0
2.1681958312091965e-11,0
9.087871514351642e-13,0
7.576043199904181e-13,0
9.291431556437968e-13,0
2.5013014229302577e-11,0
1.5453800348771973e-12,0
6.426783205008141e-14,0
1.7712625799675558e-13,0
1.1008039965676453e-11,0
9.659664179650918e-09,0
1.0864850082725752e-05,0
1.0,1
1.0,1
1.0,1
1.0,1
1.0,1
1.0,1
1.0,1
1.0,1
1.0,1
1.0,1
1.0,1
1.0,1
1.0,1
1.0,1
1.0,1
1.0,1
1.0,1
0.9999995231628418,1
0.8838900327682495,1
8.522891420392753e-11,1
3.389991873369372e-14,1
2.1442569603040938e-14,0
1.4390844473109038e-13,0
1.6670016061981485e-11,0
8.346804150627385e-13,0
1.0830118269203326e-12,0
2.865429519095103e-13,0
5.446208761750171e-11,0
1.4090028623015005e-11,0
2.723645975422073e-09,0
1.5837532674201071e-10,0
2.4273669185781444e-10,0
0.00015233500744216144,0
1.0,1
1.0,1
1.0,1
1.0,1
0.999998927116394,1
0.9999916553497314,1
0.9902986288070679,1
1.6332970744770137e-06,0
2.4683484423082547e-11,0
1.948104524918115e-11,0
2.475650760780379e-12,0
3.329590834814933e-13,0
2.899936150588256e-13,0
6.8725098311892e-13,0
4.008255858299614e-13,0
1.1350791725810161e-13,0
1.4128390297962756e-13,0
4.119039094183097e-13,0
7.528496923092654e-12,0
5.576209632929263e-12,0
5.222661712822596e-12,0
6.284022781299914e-12,0
2.3081764364413226e-12,0
3.2484805860891197e-13,0
8.259526959944474e-13,0
2.308696202962812e-12,0
9.046714766203223e-12,0
3.068641521442039e-11,0
2.1377358216945197e-10,0
3.162933692735237e-09,0
4.24122470477073e-09,0
6.161254617609302e-09,0
5.123422130992594e-09,0
9.199664141590347e-09,0
4.865628455696935e-10,0
1.798395980745493e-11,0
6.99107705059987e-09,1
1.0,1
1.0,1
1.0,1
0.9999998807907104,1
1.0,1
1.0,1
1.0,1
1.0,1
1.0,1
1.0,1
1.0,1
1.0,1
1.0,1
1.0,1
1.0,1
1.0,1
1.0,1
1.0,1
1.0,1
1.0,1
1.0,1
1.0,1
1.0,1
1.0,1
1.0,1
1.0,1
1.0,1
1.0,1
1.0,1
1.0,1
1.0,1
1.0,1
1.0,1
1.0,1
1.0,1
1.0,1
1.0,1
1.0,1
1.0,1
1.0,1
1.0,1
1.0,1
1.0,1
1.0,1
1.0,1
1.0,1
1.0,1
1.0,1
1.0,1
1.0,1
1.0,1
1.0,1
1.0,1
1.0,1
1.0,1
1.0,1
1.0,1
1.0,1
1.0,1
1.0,1
1.0,1
1.0,1
1.0,1
1.0,1
1.0,1
1.0,1
1.0,1
1.0,1
1.0,1
1.0,1
1.0,1
1.0,1
1.0,1
1.0,1
1.0,1
1.0,1
1.0,1
1.0,1
1.0,1
1.0,1
1.0,0
0.9999969005584717,0
0.9999755620956421,0
0.9999988079071045,0
1.0,0
0.9999998807907104,0
1.0,0
1.0,0
1.0,0
1.0,0
1.0,0
0.9999995231628418,0
0.9999998807907104,0
1.0,0
1.0,0
1.0,0
1.0,0
1.0,0
1.0,0
1.0,0
1.0,0
1.0,0
1.0,1
0.9999998807907104,1
1.0,1
1.0,1
1.0,1
1.0,1
1.0,1
1.0,1
1.0,1
0.9999998807907104,0
0.9996709823608398,0
3.678584548083563e-08,0
9.851258653270634e-08,0
5.524904089782012e-09,0
1.15774267950286e-09,0
1.0171422731852786e-10,0
5.7479199351562205e-12,0
4.27266694247308e-11,0
1.646631615781491e-11,0
3.1270354361456754e-11,0
2.2869152752069688e-11,0
1.9098127593264458e-11,0
1.3680901030099779e-11,0
4.310179643751688e-11,0
2.275321459022095e-10,0
4.049151236529269e-09,0
1.096557400437348e-09,0
3.562705387594178e-05,1
1.0,1
1.0,1
1.0,1
1.0,1
1.0,1
1.0,1
1.0,1
1.0,1
1.0,1
1.0,1
1.0,1
1.0,1
1.0,1
1.0,1
1.0,1
1.0,1
1.0,1
1.0,1
1.0,1
1.0,1
1.0,1
1.0,1
1.0,1
1.0,1
1.0,1
1.0,1
1.0,1
1.0,1
1.0,1
1.0,1
1.0,1
1.0,1
1.0,1
1.0,1
1.0,1
1.0,1
1.0,1
0.998343825340271,0
5.594384330787072e-12,0
1.382755437928651e-10,0
2.0912581562282373e-12,0
1.226714042845689e-13,0
2.148127595941185e-12,0
5.20624830139399e-13,0
4.5416175296431396e-14,0
1.664654877700858e-13,0
5.528827829587302e-12,0
3.285284544407574e-11,0
7.679249488905249e-13,0
1.4090216259447547e-15,0
2.6631292657230965e-11,0
7.88867304812868e-11,0
1.6819790005229152e-09,0
1.0,0
1.0,1
1.0,1
1.0,1
1.0,1
1.0,1
1.0,1
1.0,1
1.0,1
1.0,1
1.0,1
1.0,1
1.0,1
1.0,1
1.0,1
1.0,1
1.0,1
0.9799072742462158,0
1.98744753987512e-08,0
1.6799716728421038e-13,0
7.467252727613727e-14,0
4.188229624224604e-14,0
9.186226811782466e-14,0
5.070893791675468e-13,0
5.335579525943268e-13,0
2.911628999967969e-14,0
5.8196830126787565e-15,0
9.296345414793556e-16,0
1.3148017254745095e-14,0
1.1618099569150799e-14,0
1.0280784470267923e-14,0
4.528625399484974e-14,0
7.951863473243392e-11,0
5.034069827658527e-10,0
1.186563347577163e-10,0
8.87271766475406e-12,0
2.323575880314177e-11,0
5.629766652859303e-10,0
5.30422548331716e-13,0
5.72336223756526e-15,0
2.7946706906110952e-14,0
4.628504610831863e-12,0
1.7248060618646477e-11,0
2.3505373203391855e-09,0
9.976102166575629e-10,0
9.393683747527248e-12,0
1.2899180150665462e-13,0
2.936465632284724e-13,0
3.3614127106784686e-13,0
4.866447414313135e-13,0
1.9704808531390006e-12,0
2.499816759843343e-12,0
1.0974136096381093e-12,0
4.416943427763137e-13,0
3.3686015131831337e-13,0
5.167779859637303e-14,0
3.027759588728786e-14,0
1.0182505778496848e-14,0
3.0363201102695525e-13,0
1.265507698633428e-08,0
7.588525363644294e-09,0
5.90434989788946e-09,0
6.103368921372976e-09,0
9.520884525215934e-09,0
2.813222224617995e-11,0
6.663988916244534e-09,0
1.0,1
1.0,1
1.0,1
1.0,1
1.0,1
1.0,1
1.0,1
1.0,1
1.0,1
1.0,1
1.0,1
1.0,1
1.0,1
1.0,1
1.0,1
1.0,1
1.0,1
1.0,1
1.0,1
1.0,1
1.0,1
1.0,1
1.0,1
1.0,1
1.0,1
1.0,1
1.0,1
1.0,1
1.0,1
1.0,1
1.0,1
1.0,1
1.0,1
1.0,1
1.0,1
1.0,1
1.0,1
1.0,1
1.0,1
1.0,1
1.0,1
1.0,1
1.0,1
1.0,1
1.0,1
1.0,1
1.0,1
1.0,1
1.0,1
1.0,1
1.0,1
1.0,1
1.0,1
1.0,1
1.0,1
1.0,1
1.0,1
1.0,1
1.0,1
1.0,1
1.0,1
1.0,1
1.0,1
1.0,1
1.0,1
8.644917397759855e-05,1
8.943200555222575e-06,1
0.0005097610992379487,1
2.7153254222866963e-07,0
3.762897549108857e-08,0
1.0130812370334752e-05,0
2.781065268209204e-05,0
0.7521592378616333,0
3.673725950648077e-05,0
0.0002634866687003523,0
0.004060766194015741,0
0.10579650104045868,0
0.9999988079071045,0
0.9999998807907104,0
1.0,0
0.9999997615814209,1
1.0,1
1.0,1
1.0,1
1.0,1
1.0,1
1.0,1
0.9999997615814209,1
0.9999986886978149,1
0.9999996423721313,1
1.0,1
0.9999998807907104,1
0.9999996423721313,1
0.9999964237213135,1
0.9999980926513672,1
0.9999895095825195,1
0.9993114471435547,1
0.9990046620368958,1
0.0029543524142354727,1
3.6680547054857016e-05,1
1.0540587709328975e-06,1
9.6259732629278e-08,1
2.578489102234016e-07,1
3.595067710193689e-07,1
5.936320235377934e-07,0
9.68060817285732e-07,0
2.628675233040667e-08,0
1.3109381635789674e-10,0
1.3289025262153142e-11,0
8.16097328604215e-11,0
5.971541594540497e-10,0
2.483362127048139e-10,0
1.4740145215519362e-10,0
5.945285930231137e-11,0
4.2819203738275746e-10,0
1.983588582277207e-08,0
8.023862818618e-08,1
0.35617688298225403,1
0.9999996423721313,1
1.0,1
1.0,1
1.0,1
1.0,1
1.0,1
1.0,1
1.0,1
1.0,1
1.0,1
1.0,1
1.0,1
1.0,1
1.0,1
1.0,1
1.0,1
1.0,1
1.0,1
1.0,1
1.0,1
1.0,1
1.0,1
1.0,1
1.0,1
1.0,1
1.0,1
1.0,1
1.0,1
1.0,1
1.0,1
1.0,1
1.0,1
1.0,1
1.0,1
1.0,0
0.0026715598069131374,0
7.002924351517947e-10,0
3.0813057660949994e-10,0
4.6219719718187946e-10,0
4.812360145795003e-12,0
1.8561645547410938e-13,0
6.530060780302049e-13,0
8.199272857889461e-12,0
8.664243628109247e-11,0
3.831411229948678e-11,0
9.059333144767479e-13,0
7.297238307319917e-14,0
1.8515042832234485e-09,0
1.9666104833504505e-07,0
0.6762858629226685,0
1.0,1
1.0,1
1.0,1
1.0,1
1.0,1
1.0,1
1.0,1
1.0,1
1.0,1
1.0,1
1.0,1
1.0,1
1.0,1
1.0,1
1.0,1
1.0,1
1.0,1
0.9986573457717896,1
1.0545978312848092e-08,0
2.068645385197576e-12,0
4.983866509593315e-13,0
1.0104532661980858e-11,0
2.308999779571108e-12,0
6.802711605830014e-13,0
3.818880433235916e-13,0
2.1590251288172713e-12,0
9.483850472525104e-14,0
6.461188463598166e-13,0
1.7054819928134573e-15,0
1.1277199301067044e-14,0
6.824834534319146e-12,0
1.495338324275508e-07,0
2.951575424958719e-06,0
0.0008112658397294581,0
0.00011415057088015601,0
1.6103296729852445e-05,0
9.395203619533277e-07,0
1.0932390548390458e-09,0
3.0739182900474393e-12,0
1.575397971798065e-11,0
9.023149449838286e-10,0
3.84804010877815e-09,0
5.405996539309399e-09,0
2.6274158404504533e-09,0
1.0475574400981014e-11,0
8.36211742211157e-13,0
1.5589480661243327e-12,0
8.26277251914781e-13,0
2.034783067950477e-13,0
2.9064204927313486e-13,0
4.793129326600976e-13,0
3.297353167418249e-13,0
1.853889356482133e-13,0
2.9631214880842735e-14,0
9.46687559344895e-15,0
5.230259466222327e-15,0
1.150879335543942e-14,0
2.0508761789522767e-12,0
6.137421237895069e-09,0
1.2167019391995382e-08,0
4.818162757658229e-09,0
1.0295453378716957e-08,0
1.3214940426664601e-11,0
2.5079645027403785e-08,0
1.0,1
1.0,1
1.0,1
1.0,1
1.0,1
1.0,1
1.0,1
1.0,1
1.0,1
1.0,1
1.0,1
1.0,1
1.0,1
1.0,1
1.0,1
1.0,1
1.0,1
1.0,1
1.0,1
1.0,1
1.0,1
1.0,1
1.0,1
1.0,1
1.0,1
1.0,1
1.0,1
1.0,1
1.0,1
1.0,1
1.0,1
1.0,1
1.0,1
1.0,1
1.0,1
1.0,1
1.0,1
1.0,1
1.0,1
1.0,1
1.0,1
1.0,1
1.0,1
1.0,1
1.0,1
1.0,1
1.0,1
1.0,1
1.0,1
1.0,1
1.0,1
1.0,1
1.0,1
1.0,1
1.0,1
1.0,1
1.0,1
1.0,1
1.0,1
1.0,1
1.0,1
1.0,1
1.0,1
1.0,1
6.685364262182247e-09,0
7.9529854652826e-15,0
1.3361141078076233e-13,0
6.363985033397412e-11,0
1.046423191153334e-11,0
2.66064281717604e-10,0
1.2081599720659142e-07,0
1.7041150712771014e-09,0
7.004193891546606e-10,0
7.800009943492725e-11,0
1.4481206511707256e-10,0
1.5014507692701073e-10,0
9.464583977658592e-11,0
2.5904261374831705e-11,0
1.3003115945098287e-11,0
3.7387288902811233e-13,0
1.8360797094957998e-13,0
5.450973331565245e-13,0
2.0632705613476965e-12,0
4.172848522342003e-14,0
6.955768917798902e-15,0
2.4441425378290797e-14,0
1.8998413682091292e-13,0
1.3351822902504806e-12,0
1.949279106183699e-11,0
1.874539065638281e-11,1
0.7126601934432983,1
1.0,1
1.0,1
1.0,1
1.0,1
1.0,1
1.0,1
0.9999827146530151,1
1.1092452467664771e-07,0
6.147288900137937e-08,0
1.1289251915513887e-06,0
5.868564585398417e-07,0
1.8155439374112348e-09,0
3.181007887653742e-11,0
2.4445567098352328e-11,0
2.1411582576402743e-11,0
1.2047703112916253e-11,0
1.8253860228911734e-11,0
3.4975071450116246e-11,0
2.399658249885306e-11,0
4.830467189437249e-12,0
2.1816977478078536e-12,0
5.2793993135513695e-12,0
6.288123667597123e-12,0
1.202475202743969e-10,0
2.5278710680254335e-08,0
2.59239300248737e-07,0
7.695440729094116e-08,1
0.999987006187439,1
1.0,1
1.0,1
1.0,1
1.0,1
1.0,1
1.0,1
1.0,1
1.0,1
1.0,1
1.0,1
1.0,1
1.0,1
1.0,1
1.0,1
1.0,1
1.0,1
1.0,1
1.0,1
1.0,1
1.0,1
1.0,1
1.0,1
1.0,1
1.0,1
1.0,1
1.0,1
1.0,1
1.0,1
1.0,1
1.0,1
1.0,1
1.0,1
1.0,1
1.0,1
0.9982141256332397,0
1.2765691836946758e-09,0
4.5291875805375525e-10,0
1.363355761618834e-09,0
5.040177303294868e-11,0
1.4331192482730515e-12,0
1.6661955289879599e-13,0
4.9556824708316474e-14,0
1.275539461380315e-13,0
7.423479365942232e-12,0
1.851795626561792e-11,0
9.13151824120939e-13,0
7.379398470324511e-14,0
7.009054447948415e-11,0
2.2668529553460104e-10,0
1.0754187940165139e-07,0
1.0,1
1.0,1
1.0,1
1.0,1
1.0,1
1.0,1
1.0,1
1.0,1
1.0,1
1.0,1
1.0,1
1.0,1
1.0,1
1.0,1
1.0,1
1.0,1
1.0,1
0.991294801235199,1
2.1238474520735018e-11,0
2.5044232312976256e-11,0
6.721313505764215e-10,0
2.483042571554961e-08,0
7.46596455769577e-08,0
1.6787202739010354e-08,0
6.50137554902841e-10,0
8.022964237408559e-11,0
4.4740967874989934e-11,0
3.963854799948763e-10,0
1.8250432276545325e-09,0
0.9698082804679871,0
1.0,1
1.0,1
1.0,1
1.0,1
1.0,1
1.0,1
1.0,0
0.0002473212662152946,0
2.0299695084602387e-12,0
3.3689869470554523e-13,0
1.0635599795609171e-13,0
5.5640821811087093e-14,0
5.758734418145894e-14,0
9.0405825458207e-14,0
2.0477167867165996e-13,0
7.151211860092349e-14,0
4.621521874502606e-14,0
1.9235931207270407e-13,0
2.613093118622456e-12,0
6.391339280736874e-12,0
6.849690953325549e-12,0
3.1658378175924984e-12,0
4.3270199706277324e-13,0
2.894553899953495e-13,0
4.4593023934905163e-13,0
2.7247850243466987e-12,0
1.2828457046643038e-11,0
2.237034515961689e-11,0
8.829726949599603e-10,0
2.5016475557748663e-09,0
6.212492298374173e-09,0
1.6264355195971802e-08,0
8.931752226715162e-09,0
3.750447730155315e-10,0
1.0,1
1.0,1
1.0,1
1.0,1
1.0,1
1.0,1
1.0,1
1.0,1
1.0,1
1.0,1
1.0,1
1.0,1
1.0,1
1.0,1
1.0,1
1.0,1
1.0,1
1.0,1
1.0,1
1.0,1
1.0,1
1.0,1
1.0,1
1.0,1
1.0,1
1.0,1
1.0,1
1.0,1
1.0,1
1.0,1
1.0,1
1.0,1
1.0,1
1.0,1
1.0,1
1.0,1
1.0,1
1.0,1
1.0,1
1.0,1
1.0,1
1.0,1
1.0,1
1.0,1
1.0,1
1.0,1
1.0,1
1.0,1
1.0,1
1.0,1
1.0,1
1.0,1
1.0,1
1.0,1
1.0,1
1.0,1
1.0,1
1.0,1
1.0,1
1.0,1
1.0,1
1.0,1
1.0,1
1.0,1
1.0,1
1.0,1
1.0,1
1.0,1
3.782210455938184e-08,0
6.872588435846705e-13,0
2.6449521961730352e-14,0
4.120267061563654e-12,0
1.5477369819799636e-12,0
5.24968415092919e-13,0
5.208451447913376e-10,0
4.094551364630661e-10,0
6.100689398103043e-10,0
8.403340523432945e-12,0
1.6867086069863313e-12,0
1.5096159999145042e-12,0
4.47523832228236e-12,0
9.057057187566997e-12,0
1.867457794305083e-12,0
3.773683839372599e-13,0
1.0004316304415908e-14,0
7.830032873164597e-14,0
2.518052498283463e-13,0
9.05883224336379e-13,0
6.131751126270922e-15,0
3.5072954333555464e-14,0
4.038231554703842e-12,0
4.9467821332249695e-12,0
8.759650990675105e-12,0
3.774348021623464e-12,0
3.229728984255331e-10,0
0.9999998807907104,0
1.0,1
1.0,1
1.0,1
1.0,1
1.0,1
0.9999896287918091,1
5.452686635543103e-10,1
4.706228896173004e-12,0
4.779786982878065e-11,0
2.922133368610247e-10,0
7.477565588942525e-08,0
3.673316768981749e-06,0
7.975327775966434e-08,0
1.9501240899888472e-10,0
3.032248757639522e-11,0
4.061096944840692e-11,0
5.009967093960732e-11,0
4.1533138039895334e-11,0
4.685558885331176e-11,0
1.8961363729141922e-11,0
1.8187690936644074e-11,0
1.693705245497945e-11,0
7.740977997494625e-11,0
2.2400254984233925e-09,0
6.06217909204787e-10,0
5.3456239434979125e-09,1
0.7499246597290039,1
1.0,1
1.0,1
1.0,1
1.0,1
1.0,1
1.0,1
1.0,1
1.0,1
1.0,1
1.0,1
1.0,1
1.0,1
1.0,1
1.0,1
1.0,1
1.0,1
1.0,1
1.0,1
1.0,1
1.0,1
1.0,1
1.0,1
1.0,1
1.0,1
1.0,1
1.0,1
1.0,1
1.0,1
1.0,1
1.0,1
1.0,1
1.0,1
1.0,1
1.0,1
1.0,0
0.0022069266997277737,0
3.4047558106209408e-09,0
2.1086785095825178e-11,0
8.132475942668194e-11,0
3.341330250677954e-12,0
4.38114171677495e-13,0
1.5009681865463254e-12,0
3.1486811855746533e-12,0
5.108370670914297e-11,0
2.480682603778206e-10,0
2.3599689910613897e-11,0
1.387162276321116e-13,0
2.1743112952471444e-12,0
3.031401796249611e-09,0
4.940620328852674e-06,0
0.008635167963802814,0
1.0,1
1.0,1
1.0,1
1.0,1
1.0,1
1.0,1
1.0,1
1.0,1
1.0,1
1.0,1
1.0,1
1.0,1
1.0,1
1.0,1
1.0,1
1.0,1
1.0,1
1.0,1
1.0,1
0.9999998807907104,1
2.2202197025311676e-10,0
1.9238407338685115e-15,0
2.9650856833735733e-16,0
2.3134631417596335e-14,0
2.0121254922650378e-12,0
6.231877196899958e-15,0
3.919675033088902e-15,0
1.1363522969820572e-14,0
3.3421918983316803e-15,0
1.2815541788112968e-15,0
1.3028814308077997e-14,0
4.418877288685013e-15,0
3.0035327523714184e-14,0
2.969085751997752e-13,0
1.0104537345734244e-10,0
1.7039912232966192e-13,0
2.3336714505273193e-11,0
2.80835785365413e-16,0
1.4920319135668602e-15,0
1.2317865462371336e-15,0
2.281847679355014e-15,0
1.5864952513061463e-14,0
1.8796926905609301e-13,0
1.3136902590055177e-12,0
2.028235652346e-12,0
1.952156833536986e-13,0
2.75791217120569e-13,0
2.0926735008492542e-13,0
4.736167512862932e-13,0
2.3310943019633212e-12,0
2.2304551868662648e-12,0
3.242385093055189e-12,0
2.350919589208522e-12,0
4.107255442871438e-13,0
1.2707701915488229e-13,0
2.0314209570135994e-13,0
9.60997600940594e-12,0
4.3084758850897575e-12,0
4.294285066430703e-11,0
4.356017491158326e-10,0
2.5692505900565266e-09,0
7.424495684915655e-09,0
7.896282738784066e-09,0
1.0693374186132587e-08,0
1.5862369195929205e-08,0
1.0380526993536421e-10,0
2.428884871008563e-11,0
0.9999998807907104,1
1.0,1
1.0,1
1.0,1
1.0,1
1.0,1
1.0,1
1.0,1
1.0,1
1.0,1
1.0,1
1.0,1
1.0,1
1.0,1
1.0,1
1.0,1
1.0,1
1.0,1
1.0,1
1.0,1
1.0,1
1.0,1
1.0,1
1.0,1
1.0,1
1.0,1
1.0,1
1.0,1
1.0,1
1.0,1
1.0,1
1.0,1
1.0,1
1.0,1
1.0,1
1.0,1
1.0,1
1.0,1
1.0,1
1.0,1
1.0,1
1.0,1
1.0,1
1.0,1
1.0,1
1.0,1
1.0,1
1.0,1
1.0,1
1.0,1
1.0,1
1.0,1
1.0,1
1.0,1
1.0,1
1.0,1
1.0,1
1.0,1
1.0,1
1.0,1
1.0,1
1.0,1
1.0,1
1.0,1
1.0,1
0.9999979734420776,1
2.8285941297556683e-11,0
7.505320421142408e-14,0
1.181254936531359e-13,0
2.0589793772404254e-14,0
9.898906781075079e-13,0
3.670941328692834e-10,0
2.164864199016847e-08,0
4.506784723190549e-09,0
9.648752630209145e-11,0
8.92057001183888e-12,0
1.1654427423124503e-11,0
6.007418087289329e-12,0
4.170600930580859e-12,0
9.025133071438596e-13,0
5.086298136142142e-12,0
1.8187163774996407e-08,0
0.785773754119873,0
0.8708950877189636,0
8.055941179918591e-06,0
5.065594450570643e-07,0
0.08105392754077911,0
0.9999958276748657,0
0.9998658895492554,0
0.02436446025967598,0
4.23664714617189e-05,0
0.9999587535858154,0
0.0002471253974363208,0
1.1079961254045756e-10,0
1.1372783270680031e-10,0
8.955117203335305e-10,0
3.133174275582462e-10,0
1.6443696404522257e-10,0
2.9964550285477287e-10,0
1.6192009955062758e-09,0
3.2185307197174495e-10,0
2.078255536414053e-12,0
1.5645958920812442e-12,0
5.385898324550276e-12,0
2.023430034636675e-11,0
1.1624900694839901e-11,0
7.799622753212887e-11,0
2.7549909020763153e-08,0
9.773383879974062e-08,0
8.422031072541358e-09,0
3.0154914121283127e-09,0
1.5069198111561377e-09,0
3.0672169248902037e-09,0
1.6972892535882522e-10,0
1.3930477604784386e-10,0
1.8747794983120514e-10,0
1.908748714640751e-08,0
7.538793478367722e-10,0
4.290389987726684e-10,1
3.548076832338154e-10,1
0.9338993430137634,1
1.0,1
1.0,1
1.0,1
1.0,1
1.0,1
1.0,1
1.0,1
1.0,1
1.0,1
1.0,1
1.0,1
1.0,1
1.0,1
1.0,1
1.0,1
1.0,1
1.0,1
1.0,1
1.0,1
1.0,1
1.0,1
1.0,1
1.0,1
1.0,1
1.0,1
1.0,1
1.0,1
1.0,1
1.0,1
1.0,1
1.0,1
1.0,1
1.0,0
1.0,0
9.67362439041608e-08,0
4.0632198994305924e-11,0
1.660877990694587e-09,0
7.364157061928722e-10,0
2.576707423818103e-11,0
9.760133239805624e-13,0
5.850975086374444e-13,0
4.0014445749914085e-12,0
3.575848298020823e-11,0
3.1637085312619107e-11,0
2.157810605543653e-12,0
9.724371915348362e-15,0
2.5331773896401788e-14,0
6.278308602170046e-12,0
1.9719348642865953e-07,0
1.0187294719798956e-05,0
1.0,0
1.0,1
1.0,1
1.0,1
1.0,1
1.0,1
1.0,1
1.0,1
1.0,1
1.0,1
1.0,1
1.0,1
1.0,1
1.0,1
1.0,1
1.0,1
1.0,1
1.0,1
1.0,1
1.0,1
0.9999654293060303,1
6.186604650793015e-07,0
7.871041803899324e-15,0
1.4604981178438503e-13,0
1.040922990164228e-11,0
1.1720617660822882e-14,0
1.0202282134342752e-13,0
3.559051653650308e-13,0
4.797599356632862e-14,0
3.915778291896377e-13,0
2.931884943158103e-11,0
4.065669675923367e-11,0
6.552293972152123e-13,0
3.1234151549874856e-12,0
1.2466376542175084e-10,0
5.963744498238555e-10,0
1.0315767684510035e-10,0
7.473176938388448e-11,0
6.109276712989997e-12,0
9.656802403079992e-14,0
3.2700049977095903e-15,0
5.583451791733342e-14,0
3.6624455096272157e-13,0
6.32769808772693e-11,0
8.309641863490924e-11,0
2.7909155542182873e-10,0
1.498477383843344e-11,0
3.7261852132465523e-13,0
1.148809644418644e-13,0
3.2283751410025485e-13,0
7.48112780491611e-13,0
1.5586656314584002e-12,0
3.1076146430469853e-12,0
2.418145544913486e-12,0
9.072146246041912e-13,0
3.0256366531124235e-13,0
1.2176366956818258e-13,0
3.683354619574142e-14,0
8.29612054509439e-14,0
2.097074033521884e-12,0
1.0340115569329456e-10,0
9.731373484811456e-10,0
1.8533945489451753e-09,0
4.563633027032665e-09,0
5.731069840919645e-09,0
1.519475567590689e-08,0
5.4459028397957354e-09,0
4.61722084177385e-11,0
0.012486177496612072,0
1.0,1
1.0,1
1.0,1
1.0,1
1.0,1
1.0,1
1.0,1
1.0,1
1.0,1
1.0,1
1.0,1
1.0,1
1.0,1
1.0,1
1.0,1
1.0,1
1.0,1
1.0,1
1.0,1
1.0,1
1.0,1
1.0,1
1.0,1
1.0,1
1.0,1
1.0,1
1.0,1
1.0,1
1.0,1
1.0,1
1.0,1
1.0,1
1.0,1
1.0,1
1.0,1
1.0,1
1.0,1
1.0,1
1.0,1
1.0,1
1.0,1
1.0,1
1.0,1
1.0,1
1.0,1
1.0,1
1.0,1
1.0,1
1.0,1
1.0,1
1.0,1
1.0,1
1.0,1
1.0,1
1.0,1
1.0,1
1.0,1
1.0,1
1.0,1
1.0,1
1.0,1
1.0,1
1.0,1
1.0,1
1.0,1
1.0,1
1.0,1
3.272688263677992e-05,0
1.5425148137959699e-12,0
4.903490333500911e-14,0
1.990743317805202e-13,0
1.167105556079337e-13,0
4.340261602810841e-13,0
6.438605291286814e-12,0
3.2488886581028e-10,0
5.857531907432767e-12,0
2.09349829138894e-11,0
2.5648645533837833e-12,0
7.802322698514941e-13,0
5.402511662859488e-13,0
7.459982067845039e-13,1
1.3720241034877872e-13,1
1.2606531487116546e-12,1
8.954024188767562e-10,1
1.8585202550113616e-13,1
3.2700619989611823e-11,1
4.2568724893499166e-05,1
4.876903858530568e-08,1
3.764949241258364e-09,1
1.1150506296075946e-08,1
1.3551555433366502e-09,1
1.2210807365242715e-10,1
1.6592052731745355e-10,1
1.533723981150814e-10,0
4.565036283016299e-12,0
3.060673025787053e-12,0
6.209112000596373e-14,0
1.6577296176392697e-12,0
1.6426844693523401e-12,0
1.0228589893482298e-12,0
5.875465587147632e-13,0
3.774858897687139e-12,0
1.5719693342158836e-12,0
5.193447234763671e-12,0
7.313119554375191e-11,0
1.6601944428581983e-12,0
1.595105818263942e-11,0
1.1542340694337128e-10,0
2.2029712776205912e-10,0
2.5576234463642322e-09,0
1.3228301121159802e-08,0
3.7232725791369603e-09,0
1.008271133251526e-09,0
5.840870564988165e-10,0
2.951439925791277e-10,0
1.0658400551033509e-10,0
1.7809301255944376e-10,0
6.152194725883575e-11,0
3.963832317932514e-10,0
2.211856999639883e-12,0
1.9175090404388584e-09,0
2.3738114252047637e-10,0
1.0614970014088954e-09,0
0.9999681711196899,1
1.0,1
1.0,1
1.0,1
1.0,1
1.0,1
1.0,1
1.0,1
1.0,1
1.0,1
1.0,1
1.0,1
1.0,1
1.0,1
1.0,1
1.0,1
1.0,1
1.0,1
1.0,1
1.0,1
1.0,1
1.0,1
1.0,1
1.0,1
1.0,1
1.0,1
1.0,1
1.0,1
1.0,1
1.0,1
1.0,1
1.0,1
1.0,1
1.0,1
1.0,1
1.0,1
1.0,1
0.4212428033351898,0
1.4470887821360634e-09,0
6.171483879491291e-10,0
2.2832336021849642e-10,0
6.784893827327387e-13,0
4.677945856200461e-13,0
1.3631839255491551e-13,0
7.43990372781278e-13,0
1.1880930267382794e-12,0
1.3068956507267249e-11,0
9.876190837365684e-11,0
1.513114217255307e-10,0
2.5513185314407494e-13,0
6.766687470766142e-12,0
2.350358130343011e-09,0
1.0097096492245328e-07,0
1.0,1
1.0,1
1.0,1
1.0,1
1.0,1
1.0,1
1.0,1
1.0,1
1.0,1
1.0,1
1.0,1
1.0,1
1.0,1
1.0,1
1.0,1
1.0,1
1.0,1
1.0,1
1.0,1
1.0,1
1.0,1
0.9937585592269897,0
2.8487719995473615e-12,0
4.984686708536801e-12,0
1.2294728122142374e-14,0
6.283142002560041e-14,0
4.52325588822574e-14,0
2.5103642512717787e-14,0
1.9004783369854644e-14,0
7.177992670192278e-15,0
4.7473867352998585e-15,0
3.790999187577068e-16,0
5.292575786030945e-16,0
2.2318987817301385e-15,0
1.0653359535414252e-14,0
7.824569171841628e-14,0
9.341444978661073e-11,0
2.0847647219657262e-10,0
6.7808350080744706e-12,0
8.999928352484282e-14,0
2.7631010950405696e-15,0
3.5369868180688303e-15,0
9.702912759146148e-16,0
1.1082982269558159e-14,0
1.5869015899516031e-13,0
7.325578403431787e-13,0
1.7341943853166342e-11,0
1.981989745936108e-11,0
2.318200752887689e-12,0
1.3267533773009266e-13,0
2.5239475765458097e-13,0
6.868119896592806e-13,0
5.412929219433815e-13,0
1.1441393622454998e-12,0
1.063294851472163e-12,0
1.7583208110003024e-12,0
1.6277450307772279e-12,0
3.7713956306875684e-13,0
1.2522121740129316e-13,0
1.1433365105367743e-12,0
3.855417287507157e-12,0
3.779931229130895e-12,0
1.3339661840416905e-11,0
2.5342697385077884e-10,0
6.3340195310956915e-09,0
2.2937554078339417e-08,0
8.567819342886196e-09,0
2.4541515486475873e-08,0
6.081426473514284e-10,0
3.3855549474992586e-09,0
1.0,1
1.0,1
1.0,1
1.0,1
1.0,1
0.9999998807907104,1
1.0,1
1.0,1
1.0,1
1.0,1
1.0,1
1.0,1
1.0,1
1.0,1
1.0,1
1.0,1
1.0,1
1.0,1
1.0,1
1.0,1
1.0,1
1.0,1
1.0,1
1.0,1
1.0,1
1.0,1
1.0,1
1.0,1
1.0,1
1.0,1
1.0,1
1.0,1
1.0,1
1.0,1
1.0,1
1.0,1
1.0,1
1.0,1
1.0,1
1.0,1
1.0,1
1.0,1
1.0,1
1.0,1
1.0,1
1.0,1
1.0,1
1.0,1
1.0,1
1.0,1
1.0,1
1.0,1
1.0,1
1.0,1
1.0,1
1.0,1
1.0,1
1.0,1
1.0,1
1.0,1
1.0,1
1.0,1
1.0,1
1.0,1
1.0,1
1.0,1
1.0,1
1.0,1
0.7589282989501953,1
5.190120035136747e-12,0
7.842648243067823e-14,0
8.017964411985087e-14,0
2.5458449367729563e-13,0
5.0478328114667015e-12,0
5.920858963705256e-13,0
6.308877309457728e-10,0
7.564589168396196e-07,0
1.5257431584814185e-07,0
2.8654667527661104e-10,0
3.9377646976479497e-11,0
3.0276892104552644e-11,0
7.964279929995044e-11,0
1.607601829434202e-10,0
4.1581089266218285e-11,0
1.351618261757892e-10,0
1.3895912415531897e-12,0
1.0921598911708963e-12,0
5.3601034201433695e-12,0
1.0826550593534545e-11,0
2.2629778606564344e-10,0
0.24805429577827454,0
0.8181825280189514,0
3.3932221867871704e-06,0
2.973394317221101e-12,0
1.5208990750831264e-12,0
7.506230012555015e-12,0
5.87430364767938e-12,0
6.205596037034411e-10,0
3.637234610720519e-11,0
6.540756825046401e-09,0
0.9999790191650391,1
1.0,1
1.0,1
1.0,1
0.9999997615814209,1
1.0,1
0.9999998807907104,0
1.4157929228986177e-07,0
3.9824570724489305e-11,0
1.1454730497462151e-09,0
3.959793204444395e-08,0
7.796923995329053e-09,0
6.73915701021599e-10,0
2.540692378705245e-10,0
1.14834912412487e-10,0
9.581520993284798e-11,0
1.117487352653157e-10,0
4.643308654239675e-11,0
2.0249704690833426e-11,0
7.805259043258683e-12,0
2.104648226530781e-11,0
1.4794648839355773e-10,0
7.80166864444709e-09,0
4.707952427907003e-08,0
1.4926911262591602e-06,0
1.764322576924826e-10,0
4.6652126002300065e-06,0
0.01043651346117258,1
1.0,1
1.0,1
1.0,1
1.0,1
1.0,1
1.0,1
1.0,1
1.0,1
1.0,1
1.0,1
1.0,1
1.0,1
1.0,1
1.0,1
1.0,1
1.0,1
1.0,1
1.0,1
1.0,1
1.0,1
1.0,1
1.0,1
1.0,1
1.0,1
1.0,1
1.0,1
1.0,1
1.0,1
1.0,1
1.0,1
1.0,1
1.0,1
1.0,1
1.0,1
1.0,1
1.0,1
1.0,1
0.9999885559082031,0
3.63802016289938e-10,0
2.00742511502483e-09,0
8.46178072055892e-10,0
1.990934110282505e-12,0
6.648245322316004e-13,0
5.259355234307761e-13,0
1.0067456850809675e-12,0
2.5530480507462983e-12,0
2.8416859143565176e-11,0
4.796280386742957e-11,0
2.3413457284071626e-10,0
4.6545588563984275e-12,0
3.267626512253041e-13,0
3.780394747243676e-11,0
6.0206990504241276e-09,0
1.6701552851827728e-07,0
1.0,0
1.0,1
1.0,1
1.0,1
1.0,1
1.0,1
1.0,1
1.0,1
1.0,1
1.0,1
1.0,1
1.0,1
1.0,1
1.0,1
1.0,1
1.0,1
1.0,1
0.9999998807907104,1
1.0,1
0.9935799837112427,1
1.1554802625823868e-07,0
5.862347496332632e-09,0
2.5386202651134226e-06,0
0.9994551539421082,0
0.9999984502792358,0
0.9999935626983643,0
0.6752837300300598,0
4.691045329963117e-09,0
7.847444048747487e-12,0
2.864535831573114e-15,0
1.1235778800411378e-11,0
1.0705777375719094e-09,0
4.41114345051119e-09,0
0.9999998807907104,1
1.0,1
1.0,1
1.0,1
1.0,1
1.0,1
1.0,1
0.9933196306228638,1
4.424013586024067e-11,0
1.1335824856920085e-12,0
3.231463274050439e-12,0
1.2469605209508572e-11,0
5.690136946692737e-13,0
3.047180834481883e-13,0
4.563981029041819e-13,0
5.002303909637518e-13,0
6.074206892678347e-13,0
2.255804701020714e-12,0
8.650813572430582e-12,0
6.589570035464565e-12,0
3.8901421146875226e-12,0
3.824838015753507e-12,0
3.615194894748125e-13,0
2.3696189867077055e-13,0
1.326141209649287e-13,0
2.8204616918901804e-13,0
5.698771532794411e-13,0
8.704921332369775e-12,0
2.5200203035424806e-11,0
6.756789572293087e-10,0
1.4929473213243227e-09,0
1.889790990361462e-09,0
1.3715879987330482e-08,0
1.093164581078554e-08,0
3.1367500263890236e-10,0
1.4381132951157838e-09,0
1.0,1
1.0,1
1.0,1
1.0,1
1.0,1
1.0,1
1.0,1
1.0,1
1.0,1
1.0,1
1.0,1
1.0,1
1.0,1
1.0,1
1.0,1
1.0,1
1.0,1
1.0,1
1.0,1
1.0,1
1.0,1
1.0,1
1.0,1
1.0,1
1.0,1
1.0,1
1.0,1
1.0,1
1.0,1
1.0,1
1.0,1
1.0,1
1.0,1
1.0,1
1.0,1
1.0,1
1.0,1
1.0,1
1.0,1
1.0,1
1.0,1
1.0,1
1.0,1
1.0,1
1.0,1
1.0,1
1.0,1
1.0,1
1.0,1
1.0,1
1.0,1
1.0,1
1.0,1
1.0,1
1.0,1
1.0,1
1.0,1
1.0,1
1.0,1
1.0,1
1.0,1
1.0,1
1.0,1
1.0,1
1.0,1
1.0,1
1.0,1
1.0,1
1.0,1
1.0,1
1.0,1
2.6546431399765424e-05,1
3.5379906469790168e-12,0
1.445322472272935e-14,0
4.1992863179796114e-13,0
1.1076035244137958e-13,0
5.364720779697969e-14,0
2.4581272889574735e-13,0
3.3439314685301813e-12,0
1.6408409353463327e-11,0
2.590260894663743e-09,0
6.399994978423251e-10,0
4.902924854305324e-12,0
7.549933985287471e-13,0
8.015032864835958e-13,0
5.598287675448455e-13,0
5.319260656944103e-13,0
9.797693120141768e-14,0
2.1592750916281378e-13,0
2.967840003701566e-13,0
2.5396238931274517e-12,0
1.4296132055946487e-09,0
2.2177064806783164e-07,0
8.031706549838091e-11,0
5.113471706863493e-05,0
4.2498649044375725e-09,0
4.764116323663359e-10,0
2.989990893764727e-11,0
2.223210331109282e-11,0
3.699559755765414e-12,0
1.7123197391250011e-12,0
4.88088356623978e-13,0
4.297017386009627e-13,0
2.9376980991042967e-13,0
2.2085676657738335e-13,0
5.448935573582059e-13,0
3.616208894829942e-13,0
4.4598442912888517e-14,0
4.676192769050187e-15,0
7.194934176170311e-15,0
3.346609556316438e-13,0
1.8783363753271942e-11,0
3.906010584420194e-11,0
1.591435594416879e-10,0
3.5062658332307706e-10,0
3.549796290247542e-10,0
3.655332703189629e-10,0
5.072400832695223e-10,0
6.818335895886207e-10,0
6.001446006820288e-10,0
4.647785489808598e-10,0
5.427328031437639e-10,0
3.1762442675997704e-10,0
2.226793194282095e-10,0
2.0368713660179338e-10,0
5.857884732840546e-10,0
2.266610649170886e-10,0
2.2247893805005248e-10,0
1.7500149940286036e-10,0
1.8809508117723084e-10,0
1.063348575858214e-10,0
0.9999998807907104,0
1.0,1
1.0,1
1.0,1
1.0,1
1.0,1
1.0,1
1.0,1
1.0,1
1.0,1
1.0,1
1.0,1
1.0,1
1.0,1
1.0,1
1.0,1
1.0,1
1.0,1
1.0,1
1.0,1
1.0,1
1.0,1
1.0,1
1.0,1
1.0,1
1.0,1
1.0,1
1.0,1
1.0,1
1.0,1
1.0,1
1.0,1
1.0,1
1.0,1
1.0,1
1.0,1
1.0,1
1.0,1
1.0,1
1.0,0
0.9999998807907104,0
3.387040869995417e-09,0
1.1259416510256415e-08,0
4.929313554558057e-11,0
3.63537189717808e-13,0
4.153919233324671e-13,0
8.024118479041387e-13,0
1.0776399304163187e-12,0
3.386124713955496e-12,0
4.230047215281196e-11,0
1.7644706529207355e-10,0
1.4424866856543872e-09,0
1.3215584182546536e-09,0
5.688420290361762e-10,0
1.8386127342839842e-10,0
2.2310264746749908e-11,0
0.02396293729543686,0
1.0,1
1.0,1
1.0,1
1.0,1
1.0,1
1.0,1
1.0,1
1.0,1
1.0,1
1.0,1
1.0,1
1.0,1
1.0,1
1.0,1
1.0,1
0.9999998807907104,1
1.0,1
1.0,1
1.0,1
1.0,1
1.0,1
1.0,1
1.0,1
1.0,1
1.0,1
0.9991527795791626,1
6.765881153114606e-07,0
8.253523975376709e-10,0
8.830925899393216e-13,0
2.854632491760406e-14,0
3.683625453276829e-12,0
4.4098874552034317e-10,0
3.4491881573117666e-10,0
5.912020810683316e-07,0
1.0,1
1.0,1
1.0,1
1.0,1
1.0,1
1.0,1
0.9998728036880493,1
5.257946508741007e-11,1
5.5910662384583976e-12,0
6.068350683063883e-12,0
6.964328853192869e-12,0
1.4620067309567553e-12,0
6.136729579359068e-13,0
5.817191346679795e-13,0
2.9233161572862765e-13,0
5.546643873366452e-13,0
5.580771305149779e-13,0
3.3814888823063827e-13,0
5.41460214338596e-13,0
3.679138591006215e-12,0
2.8775183191082077e-12,0
1.5124463096857776e-12,0
4.30771764830043e-13,0
1.526775125597346e-13,0
1.7929519089028567e-13,0
1.3815669799594615e-13,0
3.0161409394352523e-13,0
2.873405072906232e-12,0
2.544687204009133e-11,0
4.939895159594698e-10,0
1.1647084408039632e-09,0
1.4809223847223052e-09,0
3.1987406057254475e-09,0
1.5630988059456286e-08,0
1.01960431209136e-08,0
2.0130055608524877e-11,0
3.82967790812927e-08,0
1.0,1
1.0,1
1.0,1
1.0,1
1.0,1
1.0,1
1.0,1
1.0,1
1.0,1
1.0,1
1.0,1
1.0,1
1.0,1
1.0,1
1.0,1
1.0,1
1.0,1
1.0,1
1.0,1
1.0,1
1.0,1
1.0,1
1.0,1
1.0,1
1.0,1
1.0,1
1.0,1
1.0,1
1.0,1
1.0,1
1.0,1
1.0,1
1.0,1
1.0,1
1.0,1
1.0,1
1.0,1
1.0,1
1.0,1
1.0,1
1.0,1
1.0,1
1.0,1
1.0,1
1.0,1
1.0,1
1.0,1
1.0,1
1.0,1
1.0,1
1.0,1
1.0,1
1.0,1
1.0,1
1.0,1
1.0,1
1.0,1
1.0,1
1.0,1
1.0,1
1.0,1
1.0,1
1.0,1
1.0,1
1.0,1
1.0,1
1.0,1
1.0,1
1.0,1
1.0,1
1.0,1
1.0,1
1.0,1
1.0,1
1.0,1
1.0,1
1.0,1
1.0,1
1.0,1
1.0,1
1.0,1
1.0,1
1.0,1
0.9999998807907104,1
0.9999992847442627,1
0.9999977350234985,1
1.0,1
1.0,1
1.0,1
1.0,1
1.0,1
1.0,1
1.0,1
1.0,1
1.0,1
1.0,1
1.0,1
1.0,1
1.0,1
1.0,1
1.0,1
1.0,1
1.0,1
1.0,1
1.0,1
1.0,1
0.9999998807907104,1
4.725630731172714e-08,0
4.144455001409142e-09,0
3.738064302538646e-10,0
3.5395585767927784e-11,0
2.8556877348928644e-11,0
3.3099353813348387e-10,0
4.1507677295271606e-09,0
6.095207671918956e-11,0
7.11094250149813e-09,0
0.9993886947631836,1
1.0,1
1.0,1
1.0,1
1.0,1
1.0,1
1.0,1
6.61390004097484e-05,0
4.114742435668006e-10,0
5.664589353138183e-10,0
3.624399003143708e-09,0
8.201861967371826e-10,0
2.1414207906911287e-10,0
2.48798925905902e-10,0
1.653890774333533e-10,0
1.1891530815599793e-10,0
1.8203073770539646e-10,0
2.590457015561043e-10,0
1.060072099545728e-10,0
4.2450400833393687e-11,0
3.46452901089922e-11,0
2.4899915462839317e-11,0
8.648294580471116e-11,0
4.392986321932746e-11,0
6.128574869812553e-10,0
9.765963149277468e-09,0
0.00873530749231577,0
1.0,1
1.0,1
1.0,1
1.0,1
1.0,1
1.0,1
1.0,1
1.0,1
1.0,1
1.0,1
1.0,1
1.0,1
1.0,1
1.0,1
1.0,1
1.0,1
1.0,1
1.0,1
1.0,1
1.0,1
1.0,1
1.0,1
1.0,1
1.0,1
1.0,1
1.0,1
1.0,1
1.0,1
1.0,1
1.0,1
1.0,1
1.0,1
1.0,1
1.0,1
1.0,1
1.0,1
1.0,1
1.0,1
1.0,1
1.0,1
1.0,1
1.0,1
1.0,1
1.0,1
1.0,1
1.0,1
2.790245900996524e-07,0
4.332633973813671e-10,0
5.988735982814797e-12,0
6.735933425622287e-13,0
2.079773256825207e-13,0
3.2491747465300536e-13,0
7.714159172556023e-13,0
3.7310066603075953e-13,0
1.5583297456253642e-12,0
5.722235619370908e-12,0
7.260430451294653e-11,0
1.3696913048200088e-10,0
3.589818164950742e-10,0
2.2585879000391884e-10,0
3.0682159590789126e-10,0
1.1535468760759393e-11,0
8.568877274406361e-10,0
4.3990061593390806e-11,0
0.9999990463256836,1
1.0,1
1.0,1
1.0,1
1.0,1
1.0,1
1.0,1
1.0,1
1.0,1
1.0,1
1.0,1
1.0,1
1.0,1
1.0,1
1.0,1
1.0,1
1.0,1
1.0,1
1.0,1
1.0,1
1.0,1
1.0,1
1.0,1
1.0,1
1.0,1
1.0,1
1.0,1
1.0,1
1.0,1
0.0036872923374176025,0
7.943980889768554e-11,0
3.03532719791999e-11,0
5.002475755681857e-13,0
1.9440677366533432e-13,0
8.37402358826872e-13,0
1.892509760015315e-10,0
9.299153114206149e-11,0
1.034789942622183e-08,0
1.0,1
1.0,1
1.0,1
1.0,1
1.0,1
1.0,1
0.9999722242355347,1
9.110921382671222e-06,1
5.170775613239087e-11,0
5.0715955740576746e-11,0
3.871609283168098e-11,0
1.1973206280602167e-11,0
3.0078927629878516e-12,0
9.012506995038916e-13,0
4.318124091802489e-13,0
7.356663021818033e-13,0
1.5350745848075054e-12,0
8.189109655144799e-13,0
3.807178368137737e-13,0
1.2619298780849192e-13,0
1.3164687710180006e-13,0
1.239749812141297e-13,0
7.691001562828634e-14,0
4.4645853041012235e-14,0
5.1531339823529185e-14,0
4.019584686799915e-14,0
5.2688810345952186e-14,0
6.309911631825066e-14,0
1.1087681608349526e-13,0
6.605419065452284e-14,0
1.7233377268624506e-13,0
4.110970732666003e-13,0
2.530900619288068e-12,0
1.962342961736585e-11,0
3.253204372555274e-10,0
2.08304062887521e-09,0
1.019860529360983e-09,0
7.136242263783288e-09,0
1.764469104159616e-08,0
4.3093233870195036e-08,0
1.6375294009662866e-08,0
1.5671737685352127e-08,0
1.1289629675559354e-08,0
2.125652986961768e-09,0
3.2256841642208656e-10,0
3.4638039658752007e-10,0
3.9635864368392504e-08,1
0.9999815225601196,1
1.0,1
1.0,1
1.0,1
1.0,1
1.0,1
1.0,1
1.0,1
1.0,1
1.0,1
1.0,1
1.0,1
1.0,1
1.0,1
1.0,1
1.0,1
1.0,1
1.0,1
1.0,1
1.0,1
1.0,1
1.0,1
1.0,1
1.0,1
1.0,1
1.0,1
1.0,1
1.0,1
1.0,1
1.0,1
1.0,1
1.0,1
1.0,1
1.0,1
1.0,1
1.0,1
1.0,1
1.0,1
1.0,1
1.0,1
1.0,1
1.0,1
1.0,1
1.0,1
1.0,1
1.0,1
1.0,1
1.0,1
1.0,1
1.0,1
1.0,1
1.0,1
1.0,1
1.0,1
1.0,1
1.0,1
1.0,1
1.0,1
1.0,1
1.0,1
1.0,1
1.0,1
1.0,1
1.0,1
1.0,1
1.0,1
1.0,1
1.0,1
1.0,1
1.0,1
